Player,Time,Score,Moves,Level
A* Non-Empty Search,0.82,2045.22,7,mendes
BFS,0.02,1325.82,3,init
DFS,0.01,1330.19,3,init
Depth-First Search AI,0.002408742904663086,1332.26,3,init
Depth-First Search AI,0.002286195755004883,1332.32,3,init
Human,23.682834148406982,521.46,7,mendes
Human,6.002010345458984,444.35,3,init
Human,6.480051279067993,421.94,3,init
Human,22.609403371810913,540.37,7,mendes
Human,17.00634503364563,0.0,8,mendes
Human,5.172457218170166,773.33,3,init
